<annotation>
	<folder>images</folder>
	<filename>103685735_2aa24be930.jpg</filename>
	<path>/home/paperspace/Desktop/images/103685735_2aa24be930.jpg</path>
	<source>
		<database>Unknown</database>
	</source>
	<size>
		<width>300</width>
		<height>400</height>
		<depth>3</depth>
	</size>
	<segmented>0</segmented>
	<object>
		<name>macncheese</name>
		<pose>Unspecified</pose>
		<truncated>0</truncated>
		<difficult>0</difficult>
		<bndbox>
			<xmin>55</xmin>
			<ymin>47</ymin>
			<xmax>299</xmax>
			<ymax>316</ymax>
		</bndbox>
	</object>
</annotation>
