<annotation>
	<folder>images</folder>
	<filename>1253354606_2a367f0ea4.jpg</filename>
	<path>/home/paperspace/Desktop/images/1253354606_2a367f0ea4.jpg</path>
	<source>
		<database>Unknown</database>
	</source>
	<size>
		<width>500</width>
		<height>375</height>
		<depth>3</depth>
	</size>
	<segmented>0</segmented>
	<object>
		<name>macncheese</name>
		<pose>Unspecified</pose>
		<truncated>0</truncated>
		<difficult>0</difficult>
		<bndbox>
			<xmin>57</xmin>
			<ymin>66</ymin>
			<xmax>428</xmax>
			<ymax>347</ymax>
		</bndbox>
	</object>
</annotation>
