<annotation>
	<folder>images</folder>
	<filename>1415761812945.jpg</filename>
	<path>/home/paperspace/Desktop/images/1415761812945.jpg</path>
	<source>
		<database>Unknown</database>
	</source>
	<size>
		<width>616</width>
		<height>462</height>
		<depth>3</depth>
	</size>
	<segmented>0</segmented>
	<object>
		<name>macncheese</name>
		<pose>Unspecified</pose>
		<truncated>0</truncated>
		<difficult>0</difficult>
		<bndbox>
			<xmin>104</xmin>
			<ymin>25</ymin>
			<xmax>508</xmax>
			<ymax>423</ymax>
		</bndbox>
	</object>
</annotation>
