<annotation>
	<folder>images</folder>
	<filename>1479184790-macaroni-and-cheese-caf-world-wiki-cookbook-recipes-gifts-and-ii6uiq-clipart.jpg</filename>
	<path>/home/paperspace/Desktop/images/1479184790-macaroni-and-cheese-caf-world-wiki-cookbook-recipes-gifts-and-ii6uiq-clipart.jpg</path>
	<source>
		<database>Unknown</database>
	</source>
	<size>
		<width>333</width>
		<height>333</height>
		<depth>3</depth>
	</size>
	<segmented>0</segmented>
	<object>
		<name>macncheese</name>
		<pose>Unspecified</pose>
		<truncated>0</truncated>
		<difficult>0</difficult>
		<bndbox>
			<xmin>51</xmin>
			<ymin>69</ymin>
			<xmax>279</xmax>
			<ymax>194</ymax>
		</bndbox>
	</object>
</annotation>
