<annotation>
	<folder>images</folder>
	<filename>1533281537_cc9f8fd200.jpg</filename>
	<path>/home/paperspace/Desktop/images/1533281537_cc9f8fd200.jpg</path>
	<source>
		<database>Unknown</database>
	</source>
	<size>
		<width>375</width>
		<height>500</height>
		<depth>3</depth>
	</size>
	<segmented>0</segmented>
	<object>
		<name>macncheese</name>
		<pose>Unspecified</pose>
		<truncated>0</truncated>
		<difficult>0</difficult>
		<bndbox>
			<xmin>109</xmin>
			<ymin>250</ymin>
			<xmax>359</xmax>
			<ymax>480</ymax>
		</bndbox>
	</object>
</annotation>
