<annotation>
	<folder>images</folder>
	<filename>179995429_65f1c7d0a3.jpg</filename>
	<path>/home/paperspace/Desktop/images/179995429_65f1c7d0a3.jpg</path>
	<source>
		<database>Unknown</database>
	</source>
	<size>
		<width>500</width>
		<height>375</height>
		<depth>3</depth>
	</size>
	<segmented>0</segmented>
	<object>
		<name>macncheese</name>
		<pose>Unspecified</pose>
		<truncated>1</truncated>
		<difficult>0</difficult>
		<bndbox>
			<xmin>204</xmin>
			<ymin>124</ymin>
			<xmax>500</xmax>
			<ymax>373</ymax>
		</bndbox>
	</object>
</annotation>
