<annotation>
	<folder>images</folder>
	<filename>183381595.jpg</filename>
	<path>/home/paperspace/Desktop/images/183381595.jpg</path>
	<source>
		<database>Unknown</database>
	</source>
	<size>
		<width>478</width>
		<height>359</height>
		<depth>3</depth>
	</size>
	<segmented>0</segmented>
	<object>
		<name>macncheese</name>
		<pose>Unspecified</pose>
		<truncated>0</truncated>
		<difficult>0</difficult>
		<bndbox>
			<xmin>95</xmin>
			<ymin>58</ymin>
			<xmax>339</xmax>
			<ymax>213</ymax>
		</bndbox>
	</object>
</annotation>
