<annotation>
	<folder>images</folder>
	<filename>1857474341_266db93e10.jpg</filename>
	<path>/home/paperspace/Desktop/images/1857474341_266db93e10.jpg</path>
	<source>
		<database>Unknown</database>
	</source>
	<size>
		<width>500</width>
		<height>375</height>
		<depth>3</depth>
	</size>
	<segmented>0</segmented>
	<object>
		<name>macncheese</name>
		<pose>Unspecified</pose>
		<truncated>0</truncated>
		<difficult>0</difficult>
		<bndbox>
			<xmin>61</xmin>
			<ymin>83</ymin>
			<xmax>420</xmax>
			<ymax>321</ymax>
		</bndbox>
	</object>
</annotation>
