<annotation>
	<folder>images</folder>
	<filename>20121009-mac-n-cheese-bowl-lowfat-4.jpg</filename>
	<path>/home/paperspace/Desktop/images/20121009-mac-n-cheese-bowl-lowfat-4.jpg</path>
	<source>
		<database>Unknown</database>
	</source>
	<size>
		<width>610</width>
		<height>458</height>
		<depth>3</depth>
	</size>
	<segmented>0</segmented>
	<object>
		<name>macncheese</name>
		<pose>Unspecified</pose>
		<truncated>0</truncated>
		<difficult>0</difficult>
		<bndbox>
			<xmin>70</xmin>
			<ymin>48</ymin>
			<xmax>535</xmax>
			<ymax>243</ymax>
		</bndbox>
	</object>
</annotation>
