<annotation>
	<folder>images</folder>
	<filename>2055218911_928dbeeffe.jpg</filename>
	<path>/home/paperspace/Desktop/images/2055218911_928dbeeffe.jpg</path>
	<source>
		<database>Unknown</database>
	</source>
	<size>
		<width>500</width>
		<height>375</height>
		<depth>3</depth>
	</size>
	<segmented>0</segmented>
	<object>
		<name>macncheese</name>
		<pose>Unspecified</pose>
		<truncated>1</truncated>
		<difficult>0</difficult>
		<bndbox>
			<xmin>6</xmin>
			<ymin>37</ymin>
			<xmax>404</xmax>
			<ymax>375</ymax>
		</bndbox>
	</object>
</annotation>
