<annotation>
	<folder>images</folder>
	<filename>225334988_e03f7fe841.jpg</filename>
	<path>/home/paperspace/Desktop/images/225334988_e03f7fe841.jpg</path>
	<source>
		<database>Unknown</database>
	</source>
	<size>
		<width>500</width>
		<height>375</height>
		<depth>3</depth>
	</size>
	<segmented>0</segmented>
	<object>
		<name>macncheese</name>
		<pose>Unspecified</pose>
		<truncated>0</truncated>
		<difficult>0</difficult>
		<bndbox>
			<xmin>92</xmin>
			<ymin>152</ymin>
			<xmax>367</xmax>
			<ymax>342</ymax>
		</bndbox>
	</object>
</annotation>
