<annotation>
	<folder>images</folder>
	<filename>245078954_87c68b3a96.jpg</filename>
	<path>/home/paperspace/Desktop/images/245078954_87c68b3a96.jpg</path>
	<source>
		<database>Unknown</database>
	</source>
	<size>
		<width>371</width>
		<height>500</height>
		<depth>3</depth>
	</size>
	<segmented>0</segmented>
	<object>
		<name>macncheese</name>
		<pose>Unspecified</pose>
		<truncated>0</truncated>
		<difficult>0</difficult>
		<bndbox>
			<xmin>14</xmin>
			<ymin>281</ymin>
			<xmax>228</xmax>
			<ymax>428</ymax>
		</bndbox>
	</object>
</annotation>
