<annotation>
	<folder>images</folder>
	<filename>2601915049_b60551e8e1.jpg</filename>
	<path>/home/paperspace/Desktop/images/2601915049_b60551e8e1.jpg</path>
	<source>
		<database>Unknown</database>
	</source>
	<size>
		<width>500</width>
		<height>375</height>
		<depth>3</depth>
	</size>
	<segmented>0</segmented>
	<object>
		<name>macncheese</name>
		<pose>Unspecified</pose>
		<truncated>0</truncated>
		<difficult>0</difficult>
		<bndbox>
			<xmin>94</xmin>
			<ymin>88</ymin>
			<xmax>362</xmax>
			<ymax>280</ymax>
		</bndbox>
	</object>
</annotation>
