<annotation>
	<folder>images</folder>
	<filename>3022958512_9cce5ff4d5.jpg</filename>
	<path>/home/paperspace/Desktop/images/3022958512_9cce5ff4d5.jpg</path>
	<source>
		<database>Unknown</database>
	</source>
	<size>
		<width>500</width>
		<height>375</height>
		<depth>3</depth>
	</size>
	<segmented>0</segmented>
	<object>
		<name>macncheese</name>
		<pose>Unspecified</pose>
		<truncated>0</truncated>
		<difficult>0</difficult>
		<bndbox>
			<xmin>136</xmin>
			<ymin>124</ymin>
			<xmax>388</xmax>
			<ymax>303</ymax>
		</bndbox>
	</object>
</annotation>
