<annotation>
	<folder>images</folder>
	<filename>3162303155_312704bc3a.jpg</filename>
	<path>/home/paperspace/Desktop/images/3162303155_312704bc3a.jpg</path>
	<source>
		<database>Unknown</database>
	</source>
	<size>
		<width>500</width>
		<height>369</height>
		<depth>3</depth>
	</size>
	<segmented>0</segmented>
	<object>
		<name>macncheese</name>
		<pose>Unspecified</pose>
		<truncated>1</truncated>
		<difficult>0</difficult>
		<bndbox>
			<xmin>26</xmin>
			<ymin>1</ymin>
			<xmax>377</xmax>
			<ymax>249</ymax>
		</bndbox>
	</object>
</annotation>
