<annotation>
	<folder>images</folder>
	<filename>3241451461_524cb9250a.jpg</filename>
	<path>/home/paperspace/Desktop/images/3241451461_524cb9250a.jpg</path>
	<source>
		<database>Unknown</database>
	</source>
	<size>
		<width>500</width>
		<height>375</height>
		<depth>3</depth>
	</size>
	<segmented>0</segmented>
	<object>
		<name>macncheese</name>
		<pose>Unspecified</pose>
		<truncated>0</truncated>
		<difficult>0</difficult>
		<bndbox>
			<xmin>113</xmin>
			<ymin>58</ymin>
			<xmax>426</xmax>
			<ymax>262</ymax>
		</bndbox>
	</object>
</annotation>
