<annotation>
	<folder>images</folder>
	<filename>3412562474_ba8d3a8eb4.jpg</filename>
	<path>/home/paperspace/Desktop/images/3412562474_ba8d3a8eb4.jpg</path>
	<source>
		<database>Unknown</database>
	</source>
	<size>
		<width>500</width>
		<height>375</height>
		<depth>3</depth>
	</size>
	<segmented>0</segmented>
	<object>
		<name>macncheese</name>
		<pose>Unspecified</pose>
		<truncated>0</truncated>
		<difficult>0</difficult>
		<bndbox>
			<xmin>74</xmin>
			<ymin>3</ymin>
			<xmax>472</xmax>
			<ymax>344</ymax>
		</bndbox>
	</object>
</annotation>
