<annotation>
	<folder>images</folder>
	<filename>3448533367_097dc338a0.jpg</filename>
	<path>/home/paperspace/Desktop/images/3448533367_097dc338a0.jpg</path>
	<source>
		<database>Unknown</database>
	</source>
	<size>
		<width>500</width>
		<height>375</height>
		<depth>3</depth>
	</size>
	<segmented>0</segmented>
	<object>
		<name>macncheese</name>
		<pose>Unspecified</pose>
		<truncated>1</truncated>
		<difficult>0</difficult>
		<bndbox>
			<xmin>131</xmin>
			<ymin>1</ymin>
			<xmax>490</xmax>
			<ymax>247</ymax>
		</bndbox>
	</object>
</annotation>
