<annotation>
	<folder>images</folder>
	<filename>347454191_a7c008cbf4.jpg</filename>
	<path>/home/paperspace/Desktop/images/347454191_a7c008cbf4.jpg</path>
	<source>
		<database>Unknown</database>
	</source>
	<size>
		<width>375</width>
		<height>500</height>
		<depth>3</depth>
	</size>
	<segmented>0</segmented>
	<object>
		<name>macncheese</name>
		<pose>Unspecified</pose>
		<truncated>0</truncated>
		<difficult>0</difficult>
		<bndbox>
			<xmin>49</xmin>
			<ymin>107</ymin>
			<xmax>344</xmax>
			<ymax>404</ymax>
		</bndbox>
	</object>
</annotation>
