<annotation>
	<folder>images</folder>
	<filename>3540990880_f6c59b11ac.jpg</filename>
	<path>/home/paperspace/Desktop/images/3540990880_f6c59b11ac.jpg</path>
	<source>
		<database>Unknown</database>
	</source>
	<size>
		<width>500</width>
		<height>375</height>
		<depth>3</depth>
	</size>
	<segmented>0</segmented>
	<object>
		<name>macncheese</name>
		<pose>Unspecified</pose>
		<truncated>0</truncated>
		<difficult>0</difficult>
		<bndbox>
			<xmin>133</xmin>
			<ymin>21</ymin>
			<xmax>439</xmax>
			<ymax>332</ymax>
		</bndbox>
	</object>
</annotation>
