<annotation>
	<folder>images</folder>
	<filename>4051761918_96cff046d0.jpg</filename>
	<path>/home/paperspace/Desktop/images/4051761918_96cff046d0.jpg</path>
	<source>
		<database>Unknown</database>
	</source>
	<size>
		<width>500</width>
		<height>333</height>
		<depth>3</depth>
	</size>
	<segmented>0</segmented>
	<object>
		<name>macncheese</name>
		<pose>Unspecified</pose>
		<truncated>0</truncated>
		<difficult>0</difficult>
		<bndbox>
			<xmin>53</xmin>
			<ymin>51</ymin>
			<xmax>228</xmax>
			<ymax>272</ymax>
		</bndbox>
	</object>
</annotation>
