<annotation>
	<folder>images</folder>
	<filename>4198821240_cbe5e8c63b.jpg</filename>
	<path>/home/paperspace/Desktop/images/4198821240_cbe5e8c63b.jpg</path>
	<source>
		<database>Unknown</database>
	</source>
	<size>
		<width>500</width>
		<height>375</height>
		<depth>3</depth>
	</size>
	<segmented>0</segmented>
	<object>
		<name>macncheese</name>
		<pose>Unspecified</pose>
		<truncated>0</truncated>
		<difficult>0</difficult>
		<bndbox>
			<xmin>29</xmin>
			<ymin>31</ymin>
			<xmax>480</xmax>
			<ymax>347</ymax>
		</bndbox>
	</object>
</annotation>
