<annotation>
	<folder>images</folder>
	<filename>4198067551_9dffd546c0.jpg</filename>
	<path>/home/paperspace/Desktop/images/4198067551_9dffd546c0.jpg</path>
	<source>
		<database>Unknown</database>
	</source>
	<size>
		<width>500</width>
		<height>375</height>
		<depth>3</depth>
	</size>
	<segmented>0</segmented>
	<object>
		<name>macncheese</name>
		<pose>Unspecified</pose>
		<truncated>0</truncated>
		<difficult>0</difficult>
		<bndbox>
			<xmin>113</xmin>
			<ymin>73</ymin>
			<xmax>426</xmax>
			<ymax>291</ymax>
		</bndbox>
	</object>
</annotation>
