<annotation>
	<folder>images</folder>
	<filename>856725503_8a8c72a412.jpg</filename>
	<path>/home/paperspace/Desktop/images/856725503_8a8c72a412.jpg</path>
	<source>
		<database>Unknown</database>
	</source>
	<size>
		<width>500</width>
		<height>479</height>
		<depth>3</depth>
	</size>
	<segmented>0</segmented>
	<object>
		<name>macncheese</name>
		<pose>Unspecified</pose>
		<truncated>0</truncated>
		<difficult>0</difficult>
		<bndbox>
			<xmin>77</xmin>
			<ymin>106</ymin>
			<xmax>416</xmax>
			<ymax>345</ymax>
		</bndbox>
	</object>
</annotation>
