<annotation>
	<folder>images</folder>
	<filename>aid118052-v4-728px-Make-Creamy-Mac-N-Cheese-Step-9.jpg</filename>
	<path>/home/paperspace/Desktop/images/aid118052-v4-728px-Make-Creamy-Mac-N-Cheese-Step-9.jpg</path>
	<source>
		<database>Unknown</database>
	</source>
	<size>
		<width>728</width>
		<height>546</height>
		<depth>3</depth>
	</size>
	<segmented>0</segmented>
	<object>
		<name>macncheese</name>
		<pose>Unspecified</pose>
		<truncated>0</truncated>
		<difficult>0</difficult>
		<bndbox>
			<xmin>102</xmin>
			<ymin>134</ymin>
			<xmax>613</xmax>
			<ymax>487</ymax>
		</bndbox>
	</object>
</annotation>
