<annotation>
	<folder>images</folder>
	<filename>Betty Crockers Family Favorite Macaroni and Cheese.jpg</filename>
	<path>/home/paperspace/Desktop/images/Betty Crockers Family Favorite Macaroni and Cheese.jpg</path>
	<source>
		<database>Unknown</database>
	</source>
	<size>
		<width>350</width>
		<height>400</height>
		<depth>3</depth>
	</size>
	<segmented>0</segmented>
	<object>
		<name>macncheese</name>
		<pose>Unspecified</pose>
		<truncated>1</truncated>
		<difficult>0</difficult>
		<bndbox>
			<xmin>4</xmin>
			<ymin>29</ymin>
			<xmax>350</xmax>
			<ymax>276</ymax>
		</bndbox>
	</object>
</annotation>
