<annotation>
	<folder>images</folder>
	<filename>c17777058e3a5a7abc173063eae1129d--homemade-macaroni-cheese-mac-cheese.jpg</filename>
	<path>/home/paperspace/Desktop/images/c17777058e3a5a7abc173063eae1129d--homemade-macaroni-cheese-mac-cheese.jpg</path>
	<source>
		<database>Unknown</database>
	</source>
	<size>
		<width>432</width>
		<height>324</height>
		<depth>3</depth>
	</size>
	<segmented>0</segmented>
	<object>
		<name>macncheese</name>
		<pose>Unspecified</pose>
		<truncated>1</truncated>
		<difficult>0</difficult>
		<bndbox>
			<xmin>1</xmin>
			<ymin>52</ymin>
			<xmax>368</xmax>
			<ymax>304</ymax>
		</bndbox>
	</object>
</annotation>
