<annotation>
	<folder>images</folder>
	<filename>copycat-panera-mac-and-cheese-2.jpg</filename>
	<path>/home/paperspace/Desktop/images/copycat-panera-mac-and-cheese-2.jpg</path>
	<source>
		<database>Unknown</database>
	</source>
	<size>
		<width>701</width>
		<height>1047</height>
		<depth>3</depth>
	</size>
	<segmented>0</segmented>
	<object>
		<name>macncheese</name>
		<pose>Unspecified</pose>
		<truncated>0</truncated>
		<difficult>0</difficult>
		<bndbox>
			<xmin>112</xmin>
			<ymin>300</ymin>
			<xmax>692</xmax>
			<ymax>676</ymax>
		</bndbox>
	</object>
</annotation>
