<annotation>
	<folder>images</folder>
	<filename>dscf5377.jpg</filename>
	<path>/home/paperspace/Desktop/images/dscf5377.jpg</path>
	<source>
		<database>Unknown</database>
	</source>
	<size>
		<width>2848</width>
		<height>2136</height>
		<depth>3</depth>
	</size>
	<segmented>0</segmented>
	<object>
		<name>macncheese</name>
		<pose>Unspecified</pose>
		<truncated>0</truncated>
		<difficult>0</difficult>
		<bndbox>
			<xmin>1303</xmin>
			<ymin>744</ymin>
			<xmax>2645</xmax>
			<ymax>2123</ymax>
		</bndbox>
	</object>
</annotation>
