<annotation>
	<folder>images</folder>
	<filename>Easy-Shells-and-Cheese-labeled.jpg</filename>
	<path>/home/paperspace/Desktop/images/Easy-Shells-and-Cheese-labeled.jpg</path>
	<source>
		<database>Unknown</database>
	</source>
	<size>
		<width>450</width>
		<height>450</height>
		<depth>3</depth>
	</size>
	<segmented>0</segmented>
	<object>
		<name>macncheese</name>
		<pose>Unspecified</pose>
		<truncated>0</truncated>
		<difficult>0</difficult>
		<bndbox>
			<xmin>40</xmin>
			<ymin>200</ymin>
			<xmax>376</xmax>
			<ymax>347</ymax>
		</bndbox>
	</object>
</annotation>
