<annotation>
	<folder>images</folder>
	<filename>Gluten Free Macaroni and cheese recipe.jpg</filename>
	<path>/home/paperspace/Desktop/images/Gluten Free Macaroni and cheese recipe.jpg</path>
	<source>
		<database>Unknown</database>
	</source>
	<size>
		<width>300</width>
		<height>449</height>
		<depth>3</depth>
	</size>
	<segmented>0</segmented>
	<object>
		<name>macncheese</name>
		<pose>Unspecified</pose>
		<truncated>0</truncated>
		<difficult>0</difficult>
		<bndbox>
			<xmin>11</xmin>
			<ymin>65</ymin>
			<xmax>246</xmax>
			<ymax>204</ymax>
		</bndbox>
	</object>
</annotation>
