<annotation>
	<folder>images</folder>
	<filename>gluten-free_mac_n_cheese.jpg</filename>
	<path>/home/paperspace/Desktop/images/gluten-free_mac_n_cheese.jpg</path>
	<source>
		<database>Unknown</database>
	</source>
	<size>
		<width>490</width>
		<height>384</height>
		<depth>3</depth>
	</size>
	<segmented>0</segmented>
	<object>
		<name>macncheese</name>
		<pose>Unspecified</pose>
		<truncated>0</truncated>
		<difficult>0</difficult>
		<bndbox>
			<xmin>76</xmin>
			<ymin>102</ymin>
			<xmax>434</xmax>
			<ymax>353</ymax>
		</bndbox>
	</object>
</annotation>
