<annotation>
	<folder>images</folder>
	<filename>images.jpg</filename>
	<path>/home/paperspace/Desktop/images/images.jpg</path>
	<source>
		<database>Unknown</database>
	</source>
	<size>
		<width>259</width>
		<height>194</height>
		<depth>3</depth>
	</size>
	<segmented>0</segmented>
	<object>
		<name>macncheese</name>
		<pose>Unspecified</pose>
		<truncated>0</truncated>
		<difficult>0</difficult>
		<bndbox>
			<xmin>23</xmin>
			<ymin>18</ymin>
			<xmax>228</xmax>
			<ymax>102</ymax>
		</bndbox>
	</object>
</annotation>
