<annotation>
	<folder>images</folder>
	<filename>instant-mac-cheese.jpg</filename>
	<path>/home/paperspace/Desktop/images/instant-mac-cheese.jpg</path>
	<source>
		<database>Unknown</database>
	</source>
	<size>
		<width>700</width>
		<height>467</height>
		<depth>3</depth>
	</size>
	<segmented>0</segmented>
	<object>
		<name>macncheese</name>
		<pose>Unspecified</pose>
		<truncated>0</truncated>
		<difficult>0</difficult>
		<bndbox>
			<xmin>138</xmin>
			<ymin>77</ymin>
			<xmax>425</xmax>
			<ymax>376</ymax>
		</bndbox>
	</object>
</annotation>
