<annotation>
	<folder>images</folder>
	<filename>KFC Macaroni and Cheese.jpg</filename>
	<path>/home/paperspace/Desktop/images/KFC Macaroni and Cheese.jpg</path>
	<source>
		<database>Unknown</database>
	</source>
	<size>
		<width>400</width>
		<height>227</height>
		<depth>3</depth>
	</size>
	<segmented>0</segmented>
	<object>
		<name>macncheese</name>
		<pose>Unspecified</pose>
		<truncated>0</truncated>
		<difficult>0</difficult>
		<bndbox>
			<xmin>5</xmin>
			<ymin>28</ymin>
			<xmax>336</xmax>
			<ymax>215</ymax>
		</bndbox>
	</object>
</annotation>
