<annotation>
	<folder>images</folder>
	<filename>maasdfasfsacaroni-and-cheese.jpg</filename>
	<path>/home/paperspace/Desktop/images/maasdfasfsacaroni-and-cheese.jpg</path>
	<source>
		<database>Unknown</database>
	</source>
	<size>
		<width>450</width>
		<height>300</height>
		<depth>3</depth>
	</size>
	<segmented>0</segmented>
	<object>
		<name>macncheese</name>
		<pose>Unspecified</pose>
		<truncated>0</truncated>
		<difficult>0</difficult>
		<bndbox>
			<xmin>144</xmin>
			<ymin>51</ymin>
			<xmax>415</xmax>
			<ymax>244</ymax>
		</bndbox>
	</object>
</annotation>
