<annotation>
	<folder>images</folder>
	<filename>mac+and+cheese61.jpg</filename>
	<path>/home/paperspace/Desktop/images/mac+and+cheese61.jpg</path>
	<source>
		<database>Unknown</database>
	</source>
	<size>
		<width>267</width>
		<height>400</height>
		<depth>3</depth>
	</size>
	<segmented>0</segmented>
	<object>
		<name>macncheese</name>
		<pose>Unspecified</pose>
		<truncated>1</truncated>
		<difficult>0</difficult>
		<bndbox>
			<xmin>1</xmin>
			<ymin>200</ymin>
			<xmax>249</xmax>
			<ymax>306</ymax>
		</bndbox>
	</object>
</annotation>
