<annotation>
	<folder>images</folder>
	<filename>mac-cheese-3.jpg</filename>
	<path>/home/paperspace/Desktop/images/mac-cheese-3.jpg</path>
	<source>
		<database>Unknown</database>
	</source>
	<size>
		<width>680</width>
		<height>973</height>
		<depth>3</depth>
	</size>
	<segmented>0</segmented>
	<object>
		<name>macncheese</name>
		<pose>Unspecified</pose>
		<truncated>0</truncated>
		<difficult>0</difficult>
		<bndbox>
			<xmin>15</xmin>
			<ymin>164</ymin>
			<xmax>669</xmax>
			<ymax>676</ymax>
		</bndbox>
	</object>
</annotation>
