<annotation>
	<folder>images</folder>
	<filename>macasfsfasaroni_and_cheese.jpg</filename>
	<path>/home/paperspace/Desktop/images/macasfsfasaroni_and_cheese.jpg</path>
	<source>
		<database>Unknown</database>
	</source>
	<size>
		<width>400</width>
		<height>400</height>
		<depth>3</depth>
	</size>
	<segmented>0</segmented>
	<object>
		<name>macncheese</name>
		<pose>Unspecified</pose>
		<truncated>0</truncated>
		<difficult>0</difficult>
		<bndbox>
			<xmin>127</xmin>
			<ymin>133</ymin>
			<xmax>279</xmax>
			<ymax>226</ymax>
		</bndbox>
	</object>
</annotation>
