<annotation>
	<folder>images</folder>
	<filename>Macaroni-and-casdfasfsaheese.jpg</filename>
	<path>/home/paperspace/Desktop/images/Macaroni-and-casdfasfsaheese.jpg</path>
	<source>
		<database>Unknown</database>
	</source>
	<size>
		<width>300</width>
		<height>300</height>
		<depth>3</depth>
	</size>
	<segmented>0</segmented>
	<object>
		<name>macncheese</name>
		<pose>Unspecified</pose>
		<truncated>0</truncated>
		<difficult>0</difficult>
		<bndbox>
			<xmin>47</xmin>
			<ymin>87</ymin>
			<xmax>268</xmax>
			<ymax>192</ymax>
		</bndbox>
	</object>
</annotation>
