<annotation>
	<folder>images</folder>
	<filename>macaronicheesemug.jpg</filename>
	<path>/home/paperspace/Desktop/images/macaronicheesemug.jpg</path>
	<source>
		<database>Unknown</database>
	</source>
	<size>
		<width>598</width>
		<height>680</height>
		<depth>3</depth>
	</size>
	<segmented>0</segmented>
	<object>
		<name>macncheese</name>
		<pose>Unspecified</pose>
		<truncated>0</truncated>
		<difficult>0</difficult>
		<bndbox>
			<xmin>13</xmin>
			<ymin>49</ymin>
			<xmax>589</xmax>
			<ymax>455</ymax>
		</bndbox>
	</object>
</annotation>
