<annotation>
	<folder>images</folder>
	<filename>One-pot-Creamy-Shells-and-Cheese-Taco-Maco.jpg</filename>
	<path>/home/paperspace/Desktop/images/One-pot-Creamy-Shells-and-Cheese-Taco-Maco.jpg</path>
	<source>
		<database>Unknown</database>
	</source>
	<size>
		<width>632</width>
		<height>421</height>
		<depth>3</depth>
	</size>
	<segmented>0</segmented>
	<object>
		<name>macncheese</name>
		<pose>Unspecified</pose>
		<truncated>0</truncated>
		<difficult>0</difficult>
		<bndbox>
			<xmin>170</xmin>
			<ymin>69</ymin>
			<xmax>491</xmax>
			<ymax>380</ymax>
		</bndbox>
	</object>
</annotation>
