<annotation>
	<folder>images</folder>
	<filename>one-pot-macaroni-cheese-11-620x616.jpg</filename>
	<path>/home/paperspace/Desktop/images/one-pot-macaroni-cheese-11-620x616.jpg</path>
	<source>
		<database>Unknown</database>
	</source>
	<size>
		<width>620</width>
		<height>616</height>
		<depth>3</depth>
	</size>
	<segmented>0</segmented>
	<object>
		<name>macncheese</name>
		<pose>Unspecified</pose>
		<truncated>1</truncated>
		<difficult>0</difficult>
		<bndbox>
			<xmin>6</xmin>
			<ymin>59</ymin>
			<xmax>620</xmax>
			<ymax>573</ymax>
		</bndbox>
	</object>
</annotation>
