<annotation>
	<folder>images</folder>
	<filename>Pumpkin-Pasta.jpg</filename>
	<path>/home/paperspace/Desktop/images/Pumpkin-Pasta.jpg</path>
	<source>
		<database>Unknown</database>
	</source>
	<size>
		<width>550</width>
		<height>824</height>
		<depth>3</depth>
	</size>
	<segmented>0</segmented>
	<object>
		<name>macncheese</name>
		<pose>Unspecified</pose>
		<truncated>0</truncated>
		<difficult>0</difficult>
		<bndbox>
			<xmin>63</xmin>
			<ymin>282</ymin>
			<xmax>490</xmax>
			<ymax>711</ymax>
		</bndbox>
	</object>
</annotation>
