<annotation>
	<folder>images</folder>
	<filename>shells_and_cheese_azm9zn.jpg</filename>
	<path>/home/paperspace/Desktop/images/shells_and_cheese_azm9zn.jpg</path>
	<source>
		<database>Unknown</database>
	</source>
	<size>
		<width>600</width>
		<height>400</height>
		<depth>3</depth>
	</size>
	<segmented>0</segmented>
	<object>
		<name>macncheese</name>
		<pose>Unspecified</pose>
		<truncated>0</truncated>
		<difficult>0</difficult>
		<bndbox>
			<xmin>196</xmin>
			<ymin>58</ymin>
			<xmax>537</xmax>
			<ymax>358</ymax>
		</bndbox>
	</object>
</annotation>
