<annotation>
	<folder>images</folder>
	<filename>shells_and_cheese_1.jpg</filename>
	<path>/home/paperspace/Desktop/images/shells_and_cheese_1.jpg</path>
	<source>
		<database>Unknown</database>
	</source>
	<size>
		<width>500</width>
		<height>333</height>
		<depth>3</depth>
	</size>
	<segmented>0</segmented>
	<object>
		<name>macncheese</name>
		<pose>Unspecified</pose>
		<truncated>0</truncated>
		<difficult>0</difficult>
		<bndbox>
			<xmin>16</xmin>
			<ymin>18</ymin>
			<xmax>412</xmax>
			<ymax>237</ymax>
		</bndbox>
	</object>
</annotation>
