<annotation>
	<folder>images</folder>
	<filename>slow-cooker-mac-cheese-1.jpg</filename>
	<path>/home/paperspace/Desktop/images/slow-cooker-mac-cheese-1.jpg</path>
	<source>
		<database>Unknown</database>
	</source>
	<size>
		<width>585</width>
		<height>390</height>
		<depth>3</depth>
	</size>
	<segmented>0</segmented>
	<object>
		<name>macncheese</name>
		<pose>Unspecified</pose>
		<truncated>0</truncated>
		<difficult>0</difficult>
		<bndbox>
			<xmin>117</xmin>
			<ymin>68</ymin>
			<xmax>461</xmax>
			<ymax>313</ymax>
		</bndbox>
	</object>
</annotation>
