<annotation>
	<folder>images</folder>
	<filename>Stovetop-Mac-N-Cheese.jpg</filename>
	<path>/home/paperspace/Desktop/images/Stovetop-Mac-N-Cheese.jpg</path>
	<source>
		<database>Unknown</database>
	</source>
	<size>
		<width>450</width>
		<height>450</height>
		<depth>3</depth>
	</size>
	<segmented>0</segmented>
	<object>
		<name>macncheese</name>
		<pose>Unspecified</pose>
		<truncated>1</truncated>
		<difficult>0</difficult>
		<bndbox>
			<xmin>1</xmin>
			<ymin>83</ymin>
			<xmax>375</xmax>
			<ymax>345</ymax>
		</bndbox>
	</object>
</annotation>
