<annotation>
	<folder>images</folder>
	<filename>White-Cheddar-Pasta-Shells.jpg</filename>
	<path>/home/paperspace/Desktop/images/White-Cheddar-Pasta-Shells.jpg</path>
	<source>
		<database>Unknown</database>
	</source>
	<size>
		<width>575</width>
		<height>383</height>
		<depth>3</depth>
	</size>
	<segmented>0</segmented>
	<object>
		<name>macncheese</name>
		<pose>Unspecified</pose>
		<truncated>1</truncated>
		<difficult>0</difficult>
		<bndbox>
			<xmin>1</xmin>
			<ymin>67</ymin>
			<xmax>537</xmax>
			<ymax>349</ymax>
		</bndbox>
	</object>
</annotation>
